Model,Accuracy,AUC,Precision,Recall,F1,MCC
Logistic Regression,0.9230769230769231,0.9773794280836535,0.9315068493150684,0.9577464788732394,0.9444444444444444,0.8203582248310268
Decision Tree,0.9711538461538461,0.9707639778062315,0.9857142857142858,0.971830985915493,0.9787234042553191,0.9341806885488492
kNN,0.8942307692307693,0.9773794280836534,0.9545454545454546,0.8873239436619719,0.9197080291970803,0.7697713250294985
Naive Bayes,0.9134615384615384,0.960734101579172,0.9305555555555556,0.9436619718309859,0.9370629370629371,0.7988230541997952
Random Forest,0.9903846153846154,1.0,1.0,0.9859154929577465,0.9929078014184397,0.9782218452166099
XGBoost,0.9711538461538461,1.0,1.0,0.9577464788732394,0.9784172661870504,0.9369814684936246
